[null,{"name":"yardım","permissions":"NONE","restriction":"1","actions":[{"channel":"0","varName":"","message":"```\n!Yardım                      Kullanılabilir komutları listeler\n!Kick [@kullanıcı] [nedeni]  Bahsedilen kullanıcıyı kickle\n!Ban [@kullanıcı] [nedeni]   Bahsedilen kullanıcıyı banla\n!sustur [@kullanıcı]         Söz konusu kullanıcının sesini kapatır\n!susturaç [@kullanıcı]       Söz konusu kullanıcının sesini açar\n!kanalsil [#kanal]           Bahsedilen kanalı siler\n!rolsil [#rol]               Belirtilen rolü siler\n\n```","storage":"0","varName2":"","name":"Send Message"}],"_id":"UlaoY"},{"name":"kick","permissions":"KICK_MEMBERS","restriction":"1","actions":[{"condition":"1","comparison":"0","value":"1","iftrue":"3","iftrueVal":"2","iffalse":"0","iffalseVal":"","name":"Check Parameters"},{"channel":"0","varName":"","message":"```\nKicklemek için lütfen bir kullanıcıyı belirtin!\n!Kick [@kullanıcı] [neden]\n\n```","storage":"0","varName2":"","name":"Send Message"},{"name":"End Action Sequence"},{"info":"1","infoIndex":"2","storage":"1","varName":"reason","name":"Store Command Params"},{"member":"0","varName":"","reason":"${tempVars(\"reason\") || \"\"}","name":"Kick Member"}],"_id":"tiqYH"},{"name":"ban","permissions":"BAN_MEMBERS","restriction":"1","actions":[{"condition":"1","comparison":"0","value":"1","iftrue":"3","iftrueVal":"2","iffalse":"0","iffalseVal":"","name":"Check Parameters"},{"channel":"0","varName":"","message":"```\nLütfen banlamak için bir kullanıcıyı belirtin!\n!Ban [@kullanıcı] [neden]\n```","storage":"0","varName2":"","name":"Send Message"},{"name":"End Action Sequence"},{"info":"1","infoIndex":"2","storage":"1","varName":"reason","name":"Store Command Params"},{"member":"0","varName":"","reason":"${tempVars(\"reason\") || \"\"}","name":"Ban Member"}],"_id":"hNhPS"},{"name":"sustur","permissions":"MUTE_MEMBERS","restriction":"1","actions":[{"condition":"1","comparison":"0","value":"1","iftrue":"3","iftrueVal":"2","iffalse":"0","iffalseVal":"","name":"Check Parameters"},{"channel":"0","varName":"","message":"```\nSusturmak için lütfen bir kullanıcıyı belirtin!\n!sustur [@kullanıcı]\n```","storage":"0","varName2":"","name":"Send Message"},{"name":"End Action Sequence"},{"member":"0","varName":"","mute":"0","name":"Set Member Mute"}],"_id":"sHrVI"},{"name":"susturaç","permissions":"MUTE_MEMBERS","restriction":"1","actions":[{"condition":"1","comparison":"0","value":"1","iftrue":"3","iftrueVal":"2","iffalse":"0","iffalseVal":"","name":"Check Parameters"},{"channel":"0","varName":"","message":"```\nSesini açmak için lütfen bir kullanıcıyı belirtin!\n!susturaç [@kullanıcı]\n```","storage":"0","varName2":"","name":"Send Message"},{"name":"End Action Sequence"},{"member":"0","varName":"","mute":"1","name":"Set Member Mute"}],"_id":"RvUWq"},{"name":"kanalsil","permissions":"MANAGE_CHANNELS","restriction":"1","actions":[{"condition":"2","comparison":"0","value":"1","iftrue":"3","iftrueVal":"2","iffalse":"0","iffalseVal":"","name":"Check Parameters"},{"channel":"0","varName":"","message":"```\nSilmek için lütfen bir kanaldan bahsedin!\n!kanalsil [#kanal]\n```","storage":"0","varName2":"","name":"Send Message"},{"name":"End Action Sequence"},{"storage":"1","varName":"","name":"Delete Channel"}],"_id":"gllck"},{"name":"rolsil","permissions":"MANAGE_ROLES","restriction":"1","actions":[{"condition":"3","comparison":"0","value":"1","iftrue":"3","iftrueVal":"2","iffalse":"0","iffalseVal":"","name":"Check Parameters"},{"channel":"0","varName":"","message":"```\nLütfen silmek için bir rolü belirtin!\n!rolsil [@rol]\n```","storage":"0","varName2":"","name":"Send Message"},{"name":"End Action Sequence"},{"storage":"0","varName":"","name":"Delete Role"}],"_id":"QrqOI"}]